{
  "MIT": "https://opensource.org/licenses/MIT",
  "Apache-2.0": "https://www.apache.org/licenses/LICENSE-2.0",
  "GPL-2.0": "https://www.gnu.org/licenses/old-licenses/gpl-2.0.html",
  "GPL-3.0": "https://www.gnu.org/licenses/gpl-3.0.html",
  "LGPL-2.1": "https://www.gnu.org/licenses/old-licenses/lgpl-2.1.html",
  "LGPL-3.0": "https://www.gnu.org/licenses/lgpl-3.0.html",
  "BSD-2-Clause": "https://opensource.org/licenses/BSD-2-Clause",
  "BSD-3-Clause": "https://opensource.org/licenses/BSD-3-Clause",
  "ISC": "https://opensource.org/licenses/ISC",
  "Mozilla": "https://www.mozilla.org/en-US/MPL/",
  "EPL-2.0": "https://opensource.org/licenses/EPL-2.0",
  "CC-BY-4.0": "https://creativecommons.org/licenses/by/4.0/",
  "CC-BY-SA-4.0": "https://creativecommons.org/licenses/by-sa/4.0/",
  "CC0-1.0": "https://creativecommons.org/publicdomain/zero/1.0/",
  "Unlicense": "http://unlicense.org/",
  "Artistic-2.0": "https://opensource.org/licenses/Artistic-2.0",
  "Zlib": "https://opensource.org/licenses/Zlib"
}
